Date,Stock
2010-01-04,39034.73828
2010-01-05,39153.75
2010-01-06,40145.45703
2010-01-07,39986.80859
2010-01-08,40145.45703
2010-01-11,39748.79688
2010-01-12,39233.11328
2010-01-13,38201.67969
2010-01-14,39590.14453
2010-01-15,40462.83984
2010-01-18,40700.86328
2010-01-19,40145.45703
2010-01-20,39590.14453
2010-01-21,39748.79688
2010-01-22,38400.05859
2010-01-25,37130.60547
2010-01-26,36376.90625
2010-01-27,36614.92578
2010-01-28,37606.63672
2010-01-29,37090.96484
2010-02-01,37527.26953
2010-02-02,35067.81641
2010-02-03,36614.92578
2010-02-04,36218.17578
2010-02-05,34274.39453
2010-02-08,33163.67188
2010-02-09,34472.76953
2010-02-10,35345.47266
2010-02-11,35662.85547
2010-02-12,35861.23047
2010-02-16,35980.24609
2010-02-17,36337.18359
2010-02-18,35821.50391
2010-02-19,35067.81641
2010-02-22,35385.20313
2010-02-23,34750.42969
2010-02-24,34671.15234
2010-02-25,33758.72266
2010-02-26,33996.73438
2010-03-02,33481.06641
2010-03-03,34353.76172
2010-03-04,34195.12109
2010-03-05,34790.16016
2010-03-08,34115.74609
2010-03-09,34552.13672
2010-03-10,35305.83594
2010-03-11,34948.80859
2010-03-12,35186.82422
2010-03-15,34552.13672
2010-03-16,34909.16797
2010-03-17,34115.74609
2010-03-18,33639.71094
2010-03-19,33758.72266
2010-03-22,33401.69531
2010-03-23,32568.63672
2010-03-24,33005.02734
2010-03-25,32767.01367
2010-03-26,33679.35156
2010-03-29,33481.06641
2010-03-30,33243.04297
2010-03-31,32727.2832
2010-04-01,32727.2832
2010-04-02,31894.22266
2010-04-05,32370.26172
2010-04-06,31775.21289
2010-04-07,32449.62891
2010-04-08,32767.01367
2010-04-09,32528.99609
2010-04-12,32092.59961
2010-04-13,32687.64258
2010-04-14,33639.71094
2010-04-15,33282.6875
2010-04-16,33322.32422
2010-04-19,32449.62891
2010-04-20,32370.26172
2010-04-21,33441.33594
2010-04-22,33639.71094
2010-04-23,34314.12109
2010-04-26,33758.72266
2010-04-27,33005.02734
2010-04-28,32290.97461
2010-04-29,32330.61914
2010-04-30,32806.64844
2010-05-03,32211.60742
2010-05-04,31775.21289
2010-05-06,30109.09375
2010-05-07,29553.7793
2010-05-10,30188.46094
2010-05-11,29990.08398
2010-05-12,29276.0293
2010-05-13,29038.01563
2010-05-14,29752.06445
2010-05-17,28760.35938
2010-05-18,29117.38086
2010-05-19,28046.30664
2010-05-20,27173.60547
2010-05-24,26975.22852
2010-05-25,25983.52148
2010-05-26,25626.49414
2010-05-27,26102.52734
2010-05-28,26737.21289
2010-05-31,27332.25391
2010-06-01,27252.88477
2010-06-03,27728.91992
2010-06-04,27292.61719
2010-06-07,26340.54688
2010-06-08,26697.57031
2010-06-09,28720.71875
2010-06-10,28919.00781
2010-06-11,28919.00781
2010-06-14,29157.02539
2010-06-15,29474.41016
2010-06-16,29315.75977
2010-06-17,30505.84375
2010-06-18,30386.83789
2010-06-21,30426.47656
2010-06-22,29831.43555
2010-06-23,29871.07813
2010-06-24,30664.5
2010-06-25,30347.10938
2010-06-28,30981.87891
2010-06-29,29474.41016
2010-06-30,29593.41602
2010-07-01,30148.82227
2010-07-02,30783.50586
2010-07-05,29910.80273
2010-07-06,29474.41016
2010-07-07,29672.78711
2010-07-08,29990.08398
2010-07-09,30942.15234
2010-07-12,30902.51172
2010-07-13,31418.19141
2010-07-14,32251.24805
2010-07-15,32211.60742
2010-07-16,31814.94727
2010-07-19,31854.58203
2010-07-20,31735.58008
2010-07-21,32052.95508
2010-07-22,31656.20508
2010-07-23,33163.67188
2010-07-26,33203.32031
2010-07-27,32568.63672
2010-07-28,32370.26172
2010-07-29,32171.9668
2010-07-30,31814.94727
2010-08-02,32608.27539
2010-08-03,33084.30469
2010-08-04,33044.67188
2010-08-05,34552.13672
2010-08-06,35345.47266
2010-08-09,35305.83594
2010-08-10,35623.22656
2010-08-11,34353.76172
2010-08-12,33877.73047
2010-08-13,34552.13672
2010-08-16,35028.17188
2010-08-17,35543.85156
2010-08-18,35424.84375
2010-08-19,34948.80859
2010-08-20,35742.22266
2010-08-23,37090.96484
2010-08-24,36614.92578
2010-08-25,35424.84375
2010-08-26,34552.13672
2010-08-27,35305.83594
2010-08-30,35504.125
2010-08-31,35345.47266
2010-09-01,36892.58594
2010-09-02,36654.57031
2010-09-03,37447.99219
2010-09-06,36218.17578
2010-09-07,35940.51953
2010-09-08,34988.44141
2010-09-09,35900.87891
2010-09-10,36733.94141
2010-09-13,34552.13672
2010-09-14,34314.12109
2010-09-15,34988.44141
2010-09-16,34274.39453
2010-09-17,33917.36328
2010-09-20,33639.71094
2010-09-24,34512.41406
2010-09-27,35583.48828
2010-09-28,35583.48828
2010-09-29,35028.17188
2010-09-30,34909.16797
2010-10-01,36813.21875
2010-10-04,36495.92188
2010-10-05,36337.18359
2010-10-06,36138.89453
2010-10-07,36495.92188
2010-10-08,37686.00391
2010-10-11,36773.57031
2010-10-12,35702.49609
2010-10-13,35623.22656
2010-10-14,35742.22266
2010-10-15,36218.17578
2010-10-18,35543.85156
2010-10-19,34433.13281
2010-10-20,34433.13281
2010-10-21,34115.74609
2010-10-22,34869.43359
2010-10-25,34750.42969
2010-10-26,35345.47266
2010-10-27,35305.83594
2010-10-28,34552.13672
2010-10-29,33679.35156
2010-11-01,34274.39453
2010-11-02,34710.78906
2010-11-03,35940.51953
2010-11-04,35067.81641
2010-11-05,34869.43359
2010-11-08,34671.15234
2010-11-09,34948.80859
2010-11-10,35266.19141
2010-11-11,34433.13281
2010-11-12,34274.39453
2010-11-15,33917.36328
2010-11-16,34234.75391
2010-11-17,34353.76172
2010-11-18,34274.39453
2010-11-19,35464.48047
2010-11-22,36456.27734
2010-11-23,36218.17578
2010-11-24,35305.83594
2010-11-25,35186.82422
2010-11-26,34115.74609
2010-11-29,34433.13281
2010-11-30,35186.82422
2010-12-01,35940.51953
2010-12-02,35940.51953
2010-12-03,35781.86328
2010-12-06,37606.63672
2010-12-07,37090.96484
2010-12-08,36733.94141
2010-12-09,37725.64063
2010-12-10,38281.05078
2010-12-13,38003.29688
2010-12-14,38043.03125
2010-12-15,37130.60547
2010-12-16,37011.59375
2010-12-17,37011.59375
2010-12-20,36376.90625
2010-12-21,37328.97656
2010-12-22,37209.96875
2010-12-23,36535.55859
2010-12-24,36456.27734
2010-12-27,36218.17578
2010-12-28,36495.92188
2010-12-29,37317.64453
2010-12-30,37599.40234
2011-01-03,38364.33594
2011-01-04,38203.24609
2011-01-05,38243.5625
2011-01-06,39974.56641
2011-01-07,41625.10938
2011-01-10,41383.57031
2011-01-11,43154.78906
2011-01-12,43235.33203
2011-01-13,43074.33984
2011-01-14,42671.71094
2011-01-17,42108.1875
2011-01-18,42591.26172
2011-01-19,42993.79688
2011-01-20,43476.87109
2011-01-21,42993.79688
2011-01-24,44765.10938
2011-01-25,44443.02734
2011-01-26,44926.10547
2011-01-27,46053.25781
2011-01-28,46133.79688
2011-01-31,45972.80078
2011-02-01,43315.87891
2011-02-07,43798.95313
2011-02-08,43718.41406
2011-02-09,43959.94531
2011-02-10,41947.10156
2011-02-11,40497.86719
2011-02-14,42027.64063
2011-02-15,41866.65234
2011-02-16,40497.86719
2011-02-17,38726.64063
2011-02-18,39652.48047
2011-02-21,38565.55078
2011-02-22,36432.02734
2011-02-23,35345.10547
2011-02-24,35787.94922
2011-02-25,37317.64453
2011-02-28,35828.17969
2011-03-02,35667.17969
2011-03-03,36874.78516
2011-03-04,38404.5625
2011-03-07,37438.39844
2011-03-08,37720.17188
2011-03-09,37881.25781
2011-03-10,38243.5625
2011-03-11,36713.78906
2011-03-14,36230.71094
2011-03-15,34539.94531
2011-03-16,35184.10547
2011-03-17,35667.17969
2011-03-18,37639.71875
2011-03-21,38042.25
2011-03-22,38847.41406
2011-03-23,37921.48438
2011-03-24,38968.17578
2011-03-25,39370.71484
2011-03-28,38887.64063
2011-03-29,39370.71484
2011-03-30,40095.33203
2011-03-31,40739.40234
2011-04-01,40819.94922
2011-04-04,39612.25
2011-04-05,40578.41016
2011-04-06,41625.10938
2011-04-07,41061.48438
2011-04-08,40256.32813
2011-04-11,40014.78906
2011-04-12,38807.09375
2011-04-13,39410.94531
2011-04-14,36633.24219
2011-04-15,37760.49219
2011-04-18,38807.09375
2011-04-19,38525.32422
2011-04-20,39088.94922
2011-04-21,39531.71484
2011-04-22,43959.94531
2011-04-25,43637.86719
2011-04-26,42349.71484
2011-04-27,41303.02734
2011-04-28,40819.94922
2011-04-29,39612.25
2011-05-02,40497.86719
2011-05-03,38927.86719
2011-05-04,39370.71484
2011-05-06,38485.10547
2011-05-09,38726.64063
2011-05-11,39330.48828
2011-05-12,38364.33594
2011-05-13,37800.71094
2011-05-16,36955.32813
2011-05-17,37035.87109
2011-05-18,38243.5625
2011-05-19,37277.41016
2011-05-20,37035.87109
2011-05-23,36109.94531
2011-05-24,35184.10547
2011-05-25,34217.95703
2011-05-26,35626.86328
2011-05-27,36150.25781
2011-05-30,36271.03125
2011-05-31,37840.94141
2011-06-01,37398.17578
2011-06-02,36633.24219
2011-06-03,36834.55859
2011-06-07,36190.48438
2011-06-08,35948.94141
2011-06-09,36109.94531
2011-06-10,35304.87891
2011-06-13,35385.32813
2011-06-14,36230.71094
2011-06-15,37760.49219
2011-06-16,37478.63672
2011-06-17,37961.70703
2011-06-20,37357.86328
2011-06-21,37317.64453
2011-06-22,37559.17969
2011-06-23,37599.40234
2011-06-24,38243.5625
2011-06-27,37398.17578
2011-06-28,37196.86719
2011-06-29,39048.63281
2011-06-30,39249.94922
2011-07-01,39612.25
2011-07-04,39813.56641
2011-07-05,40417.41016
2011-07-06,40658.95703
2011-07-07,40739.40234
2011-07-08,40578.41016
2011-07-11,40578.41016
2011-07-12,39773.25
2011-07-13,41383.57031
2011-07-14,41866.65234
2011-07-15,42269.18359
2011-07-18,42027.64063
2011-07-19,43074.33984
2011-07-20,42993.79688
2011-07-21,43074.33984
2011-07-22,43879.40625
2011-07-25,43154.78906
2011-07-26,42591.26172
2011-07-27,41947.10156
2011-07-28,42027.64063
2011-07-29,41625.10938
2011-08-01,42832.79688
2011-08-02,40055.11328
2011-08-03,39048.63281
2011-08-04,37599.40234
2011-08-05,35586.64453
2011-08-08,33453.01953
2011-08-09,33050.48828
2011-08-10,32647.94727
2011-08-11,32889.49219
2011-08-12,33090.71094
2011-08-16,33936.09766
2011-08-17,33895.86719
2011-08-18,32527.17578
2011-08-19,28783.33008
2011-08-22,26569.16602
2011-08-23,28139.16797
2011-08-24,28662.56055
2011-08-25,28662.56055
2011-08-26,30474.10352
2011-08-29,31722.02734
2011-08-30,31842.78711
2011-08-31,32325.86914
2011-09-01,32647.94727
2011-09-02,33010.25781
2011-09-05,30755.86719
2011-09-06,29628.7168
2011-09-07,30715.64063
2011-09-08,31118.17773
2011-09-09,30272.7832
2011-09-14,28944.32422
2011-09-15,28380.70508
2011-09-16,29829.93945
2011-09-19,29507.94727
2011-09-20,29870.25586
2011-09-21,30474.10352
2011-09-22,28984.55078
2011-09-23,26891.24609
2011-09-26,25200.47656
2011-09-27,26851.02148
2011-09-28,26408.16992
2011-09-29,27173.01172
2011-09-30,27213.32813
2011-10-04,26569.16602
2011-10-05,25281.01953
2011-10-06,26206.85742
2011-10-07,27776.86133
2011-10-10,27978.17383
2011-10-11,28179.48438
2011-10-12,28058.71289
2011-10-13,28783.33008
2011-10-14,28984.55078
2011-10-17,29668.94141
2011-10-18,28904.09961
2011-10-19,28461.24805
2011-10-20,27978.17383
2011-10-21,28702.78711
2011-10-24,29709.16992
2011-10-25,29789.71289
2011-10-26,30796.0918
2011-10-27,31883.01563
2011-10-28,31883.01563
2011-10-31,31883.01563
2011-11-01,31399.93555
2011-11-02,31319.48047
2011-11-03,30594.87305
2011-11-04,31279.17188
2011-11-07,32044.09375
2011-11-08,31883.01563
2011-11-09,31520.70898
2011-11-10,29548.17188
2011-11-11,30111.79102
2011-11-14,31762.24805
2011-11-15,31480.47852
2011-11-16,30836.40625
2011-11-17,31037.63477
2011-11-18,30192.24609
2011-11-21,29668.94141
2011-11-22,29588.39844
2011-11-23,28501.47656
2011-11-24,27656.08789
2011-11-25,27575.63672
2011-11-28,28058.71289
2011-11-29,29105.31836
2011-11-30,28501.47656
2011-12-01,30232.5625
2011-12-02,30554.55273
2011-12-05,30474.10352
2011-12-06,29709.16992
2011-12-07,29991.02344
2011-12-08,29668.94141
2011-12-09,28984.55078
2011-12-12,29507.94727
2011-12-13,28823.55664
2011-12-14,28702.78711
2011-12-15,27857.4043
2011-12-16,27897.62891
2011-12-19,26971.79102
2011-12-20,27052.24219
2011-12-21,27575.63672
2011-12-22,27454.86719
2011-12-23,27776.86133
2011-12-26,27575.63672
2011-12-27,27092.55664
2011-12-28,27299.29883
2011-12-29,27094.93359
2012-01-02,27013.25781
2012-01-03,27503.66602
2012-01-04,27421.90234
2012-01-05,27503.66602
2012-01-06,27054.0957
2012-01-09,26686.29102
2012-01-10,27217.53711
2012-01-11,27135.86133
2012-01-12,27953.14844
2012-01-13,28116.67773
2012-01-16,27912.3125
2012-01-17,28525.32227
2012-01-18,28770.52344
2012-01-19,29015.72656
2012-01-20,29260.93164
2012-01-25,28525.32227
2012-01-26,29587.90234
2012-01-27,29628.73633
2012-01-30,29383.53125
2012-01-31,29710.50391
2012-02-01,30977.35742
2012-02-02,31549.5293
2012-02-03,31712.97266
2012-02-06,30241.74805
2012-02-07,30364.34961
2012-02-08,30813.91602
2012-02-09,32203.38281
2012-02-10,31753.81055
2012-02-13,31794.72852
2012-02-14,31672.13281
2012-02-15,31222.56445
2012-02-16,30405.18555
2012-02-17,30241.74805
2012-02-20,30732.15039
2012-02-21,29914.77539
2012-02-22,29914.77539
2012-02-23,30119.14453
2012-02-24,30119.14453
2012-02-27,29751.33984
2012-02-28,29138.33008
2012-02-29,28893.125
2012-03-02,29506.13477
2012-03-05,28729.6875
2012-03-06,28034.91406
2012-03-07,27994.07617
2012-03-08,28607.08789
2012-03-09,28402.7207
2012-03-12,28034.91406
2012-03-13,28402.7207
2012-03-14,28729.6875
2012-03-15,28198.35352
2012-03-16,28443.55664
2012-03-19,28443.55664
2012-03-20,28280.11914
2012-03-21,27953.14844
2012-03-22,27626.26953
2012-03-23,27667.10938
2012-03-26,27462.74023
2012-03-27,27462.74023
2012-03-28,27258.46484
2012-03-29,26931.49414
2012-03-30,26604.52539
2012-04-02,27217.53711
2012-04-03,27299.29883
2012-04-04,26645.45313
2012-04-05,25991.51563
2012-04-06,26073.28125
2012-04-09,25296.83398
2012-04-10,25296.83398
2012-04-12,25296.83398
2012-04-13,26032.44336
2012-04-16,26073.28125
2012-04-17,26073.28125
2012-04-18,25950.67969
2012-04-19,25419.43359
2012-04-20,25337.66992
2012-04-23,25378.50977
2012-04-24,25051.62891
2012-04-25,24765.49805
2012-04-26,24234.25586
2012-04-27,24397.68945
2012-04-30,23703.00977
2012-05-02,24479.45508
2012-05-03,24888.09766
2012-05-04,24969.86523
2012-05-07,24438.62109
2012-05-08,24356.85547
2012-05-09,23989.04883
2012-05-10,23743.8457
2012-05-11,23662.08203
2012-05-14,23171.67188
2012-05-15,22476.98828
2012-05-16,22231.78516
2012-05-17,22395.22266
2012-05-18,21741.37695
2012-05-21,21577.9375
2012-05-22,22517.82422
2012-05-23,22231.78516
2012-05-24,23130.83594
2012-05-25,22926.46875
2012-05-29,23294.27734
2012-05-30,23212.59961
2012-05-31,23008.23438
2012-06-01,23130.83594
2012-06-04,21945.74609
2012-06-05,22027.41406
2012-06-07,22190.94727
2012-06-08,22190.94727
2012-06-11,22844.79492
2012-06-12,22722.19336
2012-06-13,23090
2012-06-14,23539.48047
2012-06-15,23703.00977
2012-06-18,23743.8457
2012-06-19,23784.68164
2012-06-20,23825.60938
2012-06-21,23907.28516
2012-06-22,23580.4043
2012-06-25,23253.4375
2012-06-26,22967.39648
2012-06-27,22844.79492
2012-06-28,22436.1543
2012-06-29,23008.23438
2012-07-02,23376.03906
2012-07-03,23784.68164
2012-07-04,23703.00977
2012-07-05,23743.8457
2012-07-06,23376.03906
2012-07-09,23049.07227
2012-07-10,22844.79492
2012-07-11,22640.42383
2012-07-12,22150.01953
2012-07-13,22231.78516
2012-07-16,22150.01953
2012-07-17,22313.45898
2012-07-18,22190.94727
2012-07-19,22395.22266
2012-07-20,22476.98828
2012-07-23,22150.01953
2012-07-24,21945.74609
2012-07-25,21741.37695
2012-07-26,22150.01953
2012-07-27,22558.75781
2012-07-30,22844.79492
2012-07-31,23662.08203
2012-08-01,23662.08203
2012-08-02,23662.08203
2012-08-03,23743.8457
2012-08-06,23907.28516
2012-08-07,23948.20898
2012-08-08,24193.41406
2012-08-09,24724.6582
2012-08-10,25255.90234
2012-08-13,25010.69922
2012-08-14,25255.90234
2012-08-16,24602.05859
2012-08-17,24929.02734
2012-08-20,25337.66992
2012-08-21,25296.83398
2012-08-22,25255.90234
2012-08-23,25664.64063
2012-08-24,25542.03711
2012-08-27,25746.3125
2012-08-28,25623.71094
2012-08-29,26400.25
2012-08-30,26808.89258
2012-08-31,26931.49414
2012-09-03,26727.12891
2012-09-04,26931.49414
2012-09-05,27503.66602
2012-09-06,27503.66602
2012-09-07,27503.66602
2012-09-10,26849.73047
2012-09-11,26400.25
2012-09-12,27462.74023
2012-09-13,27789.71094
2012-09-14,28770.52344
2012-09-17,29138.33008
2012-09-18,28893.125
2012-09-19,29260.93164
2012-09-20,29015.72656
2012-09-21,28852.28711
2012-09-24,28402.7207
2012-09-25,27830.54688
2012-09-26,27667.10938
2012-09-27,27707.94336
2012-09-28,28320.95313
2012-10-02,27912.3125
2012-10-04,27421.90234
2012-10-05,27789.71094
2012-10-08,27381.06641
2012-10-09,27054.0957
2012-10-10,26808.89258
2012-10-11,26563.6875
2012-10-12,26073.28125
2012-10-15,25746.3125
2012-10-16,25828.07813
2012-10-17,26972.33398
2012-10-18,27094.93359
2012-10-19,27094.93359
2012-10-22,26645.45313
2012-10-23,26318.48633
2012-10-24,25705.47461
2012-10-25,25868.91211
2012-10-26,25501.11133
2012-10-29,25419.43359
2012-10-30,25378.50977
2012-10-31,25460.27148
2012-11-01,25174.23242
2012-11-02,25909.84375
2012-11-05,25787.24219
2012-11-06,26727.12891
2012-11-07,27054.0957
2012-11-08,26645.45313
2012-11-09,26768.05469
2012-11-12,27054.0957
2012-11-13,27094.93359
2012-11-14,26727.12891
2012-11-15,26686.29102
2012-11-16,26318.48633
2012-11-19,26277.64844
2012-11-20,26727.12891
2012-11-21,26032.44336
2012-11-22,25746.3125
2012-11-23,25746.3125
2012-11-26,25787.24219
2012-11-27,25705.47461
2012-11-28,25296.83398
2012-11-29,25746.3125
2012-11-30,26032.44336
2012-12-03,25950.67969
2012-12-04,25991.51563
2012-12-05,26032.44336
2012-12-06,26481.92383
2012-12-07,26563.6875
2012-12-10,26849.73047
2012-12-11,27667.10938
2012-12-12,27953.14844
2012-12-13,28280.11914
2012-12-14,28034.91406
2012-12-17,27994.07617
2012-12-18,28566.1582
2012-12-20,28484.48242
2012-12-21,28361.88086
2012-12-24,27994.07617
2012-12-26,28075.74805
2012-12-27,28575.94727
2012-12-28,28368.54492
2013-01-02,28741.81445
2013-01-03,28949.2207
2013-01-04,29073.64063
2013-01-07,28783.35156
2013-01-08,28410.08008
2013-01-09,27704.97852
2013-01-10,27704.97852
2013-01-11,27580.55273
2013-01-14,27539.11133
2013-01-15,27414.68555
2013-01-16,27622.00195
2013-01-17,27580.55273
2013-01-18,27704.97852
2013-01-21,27704.97852
2013-01-22,27414.68555
2013-01-23,27373.1543
2013-01-24,27165.83984
2013-01-25,26999.88086
2013-01-28,27207.28516
2013-01-29,27456.13086
2013-01-30,27456.13086
2013-01-31,27746.42383
2013-02-01,27497.57617
2013-02-04,27704.97852
2013-02-05,27290.26367
2013-02-06,27082.86133
2013-02-07,26999.88086
2013-02-08,27331.70703
2013-02-12,27248.72852
2013-02-13,27580.55273
2013-02-14,27414.68555
2013-02-15,27829.4043
2013-02-18,27580.55273
2013-02-19,27870.84766
2013-02-20,28078.25391
2013-02-21,27995.27148
2013-02-22,27953.82813
2013-02-25,28451.52539
2013-02-26,28658.92773
2013-02-27,28617.39258
2013-02-28,28949.2207
2013-03-04,28907.77344
2013-03-05,28824.79688
2013-03-06,28783.35156
2013-03-07,28783.35156
2013-03-08,28866.24023
2013-03-11,28866.24023
2013-03-12,28783.35156
2013-03-13,28534.50391
2013-03-14,28658.92773
2013-03-15,28285.65625
2013-03-18,28368.54492
2013-03-19,28327.10156
2013-03-20,28119.69531
2013-03-21,27953.82813
2013-03-22,27829.4043
2013-03-25,27746.42383
2013-03-26,27580.55273
2013-03-27,27870.84766
2013-03-28,27912.38281
2013-03-29,27995.27148
2013-04-01,27912.38281
2013-04-02,28078.25391
2013-04-03,27746.42383
2013-04-04,27539.11133
2013-04-05,27082.86133
2013-04-08,26875.45703
2013-04-09,26668.14648
2013-04-10,27373.1543
2013-04-11,27165.83984
2013-04-12,26999.88086
2013-04-15,26626.60742
2013-04-16,26253.33594
2013-04-17,25548.33203
2013-04-18,25465.35156
2013-04-19,25838.62305
2013-04-22,25755.64453
2013-04-23,25672.75586
2013-04-24,26336.31836
2013-04-25,26419.29688
2013-04-26,26128.91406
2013-04-29,25963.04688
2013-04-30,25880.06836
2013-05-02,25714.19922
2013-05-03,25880.06836
2013-05-06,26170.45117
2013-05-07,26211.89453
2013-05-08,26336.31836
2013-05-09,26792.56836
2013-05-10,26502.18555
2013-05-13,26502.18555
2013-05-14,26834.01367
2013-05-15,26792.56836
2013-05-16,26999.88086
2013-05-20,26999.88086
2013-05-21,26958.43555
2013-05-22,26709.58984
2013-05-23,26377.76172
2013-05-24,26336.31836
2013-05-27,26336.31836
2013-05-28,26294.875
2013-05-29,26336.31836
2013-05-30,26046.02734
2013-05-31,26294.875
2013-06-03,26253.33594
2013-06-04,26128.91406
2013-06-05,25838.62305
2013-06-07,25838.62305
2013-06-10,25838.62305
2013-06-11,25838.62305
2013-06-12,25672.75586
2013-06-13,25299.48438
2013-06-14,25382.36914
2013-06-17,25506.79492
2013-06-18,25755.64453
2013-06-19,25631.2168
2013-06-20,25175.05859
2013-06-21,24718.80859
2013-06-24,24262.55859
2013-06-25,24096.68945
2013-06-26,24138.13281
2013-06-27,24304.08984
2013-06-28,24386.98047
2013-07-01,24511.4043
2013-07-02,24677.36523
2013-07-03,24428.51758
2013-07-04,24552.93945
2013-07-05,24552.93945
2013-07-08,24469.95898
2013-07-09,24594.38672
2013-07-10,24386.98047
2013-07-11,24926.21289
2013-07-12,24635.82617
2013-07-15,24718.80859
2013-07-16,25009.09766
2013-07-17,25340.92773
2013-07-18,25257.94531
2013-07-19,25423.90625
2013-07-22,25631.2168
2013-07-23,25714.19922
2013-07-24,25672.75586
2013-07-25,25548.33203
2013-07-26,25589.77539
2013-07-29,25465.35156
2013-07-30,25631.2168
2013-07-31,25506.79492
2013-08-01,25714.19922
2013-08-02,26128.91406
2013-08-05,26211.89453
2013-08-06,26211.89453
2013-08-07,26046.02734
2013-08-08,26046.02734
2013-08-09,25880.06836
2013-08-12,26046.02734
2013-08-13,26004.49023
2013-08-14,26128.91406
2013-08-16,26419.29688
2013-08-19,26709.58984
2013-08-20,26585.16406
2013-08-21,26377.76172
2013-08-22,26087.46875
2013-08-23,26004.49023
2013-08-26,26087.46875
2013-08-27,26211.89453
2013-08-28,26543.72461
2013-08-29,26916.99219
2013-08-30,27041.41602
2013-09-02,27207.28516
2013-09-03,27248.72852
2013-09-04,27580.55273
2013-09-05,27580.55273
2013-09-06,27953.82813
2013-09-09,27995.27148
2013-09-10,28327.10156
2013-09-11,28741.81445
2013-09-12,28907.77344
2013-09-13,28949.2207
2013-09-16,29571.33789
2013-09-17,29529.89453
2013-09-23,29903.16406
2013-09-24,29944.60938
2013-09-25,30359.32227
2013-09-26,30815.57617
2013-09-27,30857.01953
2013-09-30,31437.69531
2013-10-01,31022.97852
2013-10-02,30276.4375
2013-10-04,30193.45703
2013-10-07,30110.47656
2013-10-08,30152.01563
2013-10-10,30815.57617
2013-10-11,32101.25977
2013-10-14,32806.35547
2013-10-15,32516.06836
2013-10-16,33262.60547
2013-10-17,34133.57813
2013-10-18,34133.57813
2013-10-21,34009.15234
2013-10-22,34299.44531
2013-10-23,34175.01953
2013-10-24,34506.85547
2013-10-25,34092.04297
2013-10-28,33469.92188
2013-10-29,33843.19141
2013-10-30,34714.15625
2013-10-31,33304.05469
2013-11-01,33635.87891
2013-11-04,33262.60547
2013-11-05,32806.35547
2013-11-06,32972.22266
2013-11-07,32806.35547
2013-11-08,33013.75391
2013-11-11,32557.51172
2013-11-12,33221.07422
2013-11-13,32972.22266
2013-11-14,32350.10352
2013-11-15,32681.93945
2013-11-18,33013.75391
2013-11-19,33387.03516
2013-11-20,33096.65234
2013-11-21,32474.53125
2013-11-22,33013.75391
2013-11-25,33096.65234
2013-11-26,32889.33984
2013-11-27,33179.62891
2013-11-28,33013.75391
2013-11-29,32889.33984
2013-12-02,31562.11719
2013-12-03,30815.57617
2013-12-04,31147.4043
2013-12-05,30359.32227
2013-12-06,30359.32227
2013-12-09,30359.32227
2013-12-10,30691.1543
2013-12-11,31064.42383
2013-12-12,30483.74805
2013-12-13,31354.71484
2013-12-16,30400.86133
2013-12-17,30857.01953
2013-12-18,31105.86914
2013-12-19,31105.86914
2013-12-20,31313.27344
2013-12-23,32184.24023
2013-12-24,32723.37891
2013-12-26,32516.06836
2013-12-27,33142.92578
2013-12-30,32891.20703
2014-01-02,32219.89453
2014-01-03,31968.17188
2014-01-06,31590.59961
2014-01-07,31548.67188
2014-01-08,31590.59961
2014-01-09,32010.19141
2014-01-10,31422.81641
2014-01-13,31464.73828
2014-01-14,31171.09766
2014-01-15,31506.75391
2014-01-16,31632.60938
2014-01-17,31506.75391
2014-01-20,31129.17773
2014-01-21,31003.31445
2014-01-22,30583.7207
2014-01-23,30583.7207
2014-01-24,30961.30273
2014-01-27,30457.86328
2014-01-28,30206.14258
2014-01-29,30290.08203
2014-02-03,29618.86133
2014-02-04,28444.11328
2014-02-05,28779.77148
2014-02-06,29409.06445
2014-02-07,29870.58203
2014-02-10,29576.84766
2014-02-11,29534.92578
2014-02-12,30122.30078
2014-02-13,29786.64258
2014-02-14,29450.98828
2014-02-17,29576.84766
2014-02-18,29744.72266
2014-02-19,29199.27148
2014-02-20,28444.11328
2014-02-21,29325.13086
2014-02-24,29325.13086
2014-02-25,29660.78516
2014-02-26,29996.44141
2014-02-27,29996.44141
2014-02-28,30206.14258
2014-03-03,30038.36328
2014-03-04,29493.00391
2014-03-05,29534.92578
2014-03-06,29031.49023
2014-03-07,29325.13086
2014-03-10,28905.62891
2014-03-11,29031.49023
2014-03-12,28402.19336
2014-03-13,27688.95898
2014-03-14,27437.23828
2014-03-17,27437.23828
2014-03-18,27437.23828
2014-03-19,27017.74023
2014-03-20,25759.14648
2014-03-21,25381.56641
2014-03-24,25675.20703
2014-03-25,26430.36523
2014-03-26,27269.45703
2014-03-27,26346.52148
2014-03-28,26598.24023
2014-03-31,26933.80078
2014-04-01,27059.66016
2014-04-02,26556.22266
2014-04-03,26346.52148
2014-04-04,25801.06836
2014-04-07,26430.36523
2014-04-08,26430.36523
2014-04-09,26975.81836
2014-04-10,26933.80078
2014-04-11,27143.59961
2014-04-14,26514.30273
2014-04-15,26304.50586
2014-04-16,26262.58398
2014-04-17,26052.78906
2014-04-18,26556.22266
2014-04-21,26430.36523
2014-04-22,26220.66211
2014-04-23,26010.86523
2014-04-24,25675.20703
2014-04-25,25507.42773
2014-04-28,25339.64648
2014-04-29,25549.34766
2014-04-30,25213.78711
2014-05-02,24584.48828
2014-05-07,23871.25781
2014-05-08,23913.17969
2014-05-09,23829.33398
2014-05-12,23577.61523
2014-05-13,24039.03906
2014-05-14,24668.33398
2014-05-15,25381.56641
2014-05-16,24752.26953
2014-05-19,24836.20898
2014-05-20,24081.05273
2014-05-21,24081.05273
2014-05-22,23913.17969
2014-05-23,23871.25781
2014-05-26,24332.77344
2014-05-27,23955.19336
2014-05-28,23829.33398
2014-05-29,23074.17773
2014-05-30,22738.52148
2014-06-02,22612.66016
2014-06-03,23032.25781
2014-06-05,22696.59961
2014-06-09,22654.67773
2014-06-10,23367.81836
2014-06-11,23619.53906
2014-06-12,23283.88086
2014-06-13,22235.08398
2014-06-16,21815.58789
2014-06-17,22151.24023
2014-06-18,21941.44531
2014-06-19,21899.52148
2014-06-20,21312.14844
2014-06-23,20598.91406
2014-06-24,20808.71094
2014-06-25,20766.78906
2014-06-26,21102.35156
2014-06-27,21521.94531
2014-06-30,21689.72656
2014-07-01,21689.72656
2014-07-02,22193.16406
2014-07-03,22235.08398
2014-07-04,21647.80273
2014-07-07,21731.64844
2014-07-08,21899.52148
2014-07-09,21312.14844
2014-07-10,20934.57031
2014-07-11,21312.14844
2014-07-14,21144.36719
2014-07-15,21102.35156
2014-07-16,21270.22656
2014-07-17,22319.02148
2014-07-18,22235.08398
2014-07-21,22906.30469
2014-07-22,22990.24023
2014-07-23,23325.89844
2014-07-24,23787.31836
2014-07-25,23703.47656
2014-07-28,24542.47656
2014-07-29,24542.47656
2014-07-30,24836.20898
2014-07-31,24668.33398
2014-08-01,24458.63086
2014-08-04,24374.69336
2014-08-05,23493.67969
2014-08-06,24500.55273
2014-08-07,22654.67773
2014-08-08,21605.78906
2014-08-11,22151.24023
2014-08-12,22360.94727
2014-08-13,22696.59961
2014-08-14,24626.41211
2014-08-18,24626.41211
2014-08-19,24836.20898
2014-08-20,24626.41211
2014-08-21,24836.20898
2014-08-22,25717.22266
2014-08-25,25843.08398
2014-08-26,25297.62891
2014-08-27,25717.22266
2014-08-28,25885.00586
2014-08-29,25381.56641
2014-09-01,25465.50391
2014-09-02,25087.92773
2014-09-03,25171.77148
2014-09-04,25045.91016
2014-09-05,25087.92773
2014-09-11,24416.61523
2014-09-12,24248.83398
2014-09-15,23997.11719
2014-09-16,24122.97656
2014-09-17,23661.46094
2014-09-18,23325.89844
2014-09-19,23577.61523
2014-09-22,24542.47656
2014-09-23,24290.75781
2014-09-24,24374.69336
2014-09-25,24248.83398
2014-09-26,23619.53906
2014-09-29,24416.61523
2014-09-30,24710.35156
2014-10-01,25045.91016
2014-10-02,24878.13281
2014-10-06,24836.20898
2014-10-07,24458.63086
2014-10-08,24710.35156
2014-10-10,23871.25781
2014-10-13,22654.67773
2014-10-14,22067.30078
2014-10-15,21773.66211
2014-10-16,22612.66016
2014-10-17,22570.74023
2014-10-20,22570.74023
2014-10-21,22654.67773
2014-10-22,22864.38086
2014-10-23,22402.95898
2014-10-24,22864.38086
2014-10-27,23409.73828
2014-10-28,23032.25781
2014-10-29,23955.19336
2014-10-30,23535.59961
2014-10-31,22990.24023
2014-11-03,22444.88086
2014-11-04,21731.64844
2014-11-05,22277.09961
2014-11-06,22319.02148
2014-11-07,22486.80273
2014-11-10,22696.59961
2014-11-11,23116.09961
2014-11-12,25129.84766
2014-11-13,25045.91016
2014-11-14,25801.06836
2014-11-17,25885.00586
2014-11-18,25759.14648
2014-11-19,25213.78711
2014-11-20,25885.00586
2014-11-21,25968.94336
2014-11-24,26849.96094
2014-11-25,26346.52148
2014-11-26,26010.86523
2014-11-27,26094.80078
2014-11-28,24920.05078
2014-12-01,24962.06836
2014-12-02,25926.92578
2014-12-03,26220.66211
2014-12-04,26178.64844
2014-12-05,25591.36523
2014-12-08,25129.84766
2014-12-09,24836.20898
2014-12-10,24962.06836
2014-12-11,24374.69336
2014-12-12,24668.33398
2014-12-15,25045.91016
2014-12-16,24836.20898
2014-12-17,25549.34766
2014-12-18,25129.84766
2014-12-19,25003.99023
2014-12-22,25759.14648
2014-12-23,26262.58398
2014-12-24,26220.66211
2014-12-26,25843.08398
2014-12-29,26363.37109
2014-12-30,26705.23242
2015-01-02,25893.32813
2015-01-05,25765.14063
2015-01-06,25295.19141
2015-01-07,24910.63672
2015-01-08,25380.58789
2015-01-09,25380.58789
2015-01-12,26448.86133
2015-01-13,26320.67383
2015-01-14,26662.4375
2015-01-15,25295.19141
2015-01-16,25038.82227
2015-01-19,25038.82227
2015-01-20,25167.00781
2015-01-21,24098.73242
2015-01-22,24526.08008
2015-01-23,24483.28906
2015-01-26,24526.08008
2015-01-27,23970.54883
2015-01-28,24013.33984
2015-01-29,23372.41406
2015-01-30,23415.11133
2015-02-02,23543.29688
2015-02-03,23030.55469
2015-02-04,23457.90234
2015-02-05,22945.16211
2015-02-06,23842.36133
2015-02-09,23329.62305
2015-02-10,23244.23047
2015-02-11,23500.59766
2015-02-12,23329.62305
2015-02-13,23116.04297
2015-02-16,22987.85742
2015-02-17,23586.08789
2015-02-23,23885.1543
2015-02-24,24440.58984
2015-02-25,24440.58984
2015-02-26,26619.74414
2015-02-27,26149.69727
2015-03-02,27517.03711
2015-03-03,27474.3418
2015-03-04,26918.80859
2015-03-05,27260.66797
2015-03-06,28670.70508
2015-03-09,28499.82227
2015-03-10,28286.15039
2015-03-11,28542.52148
2015-03-12,26961.59961
2015-03-13,28286.15039
2015-03-16,26876.11133
2015-03-17,28200.66211
2015-03-18,27474.3418
2015-03-19,28200.66211
2015-03-20,29653.49023
2015-03-23,30550.78906
2015-03-24,30764.36719
2015-03-25,30294.41602
2015-03-26,29909.86328
2015-03-27,29952.55859
2015-03-30,31277.10742
2015-03-31,31063.52734
2015-04-01,31063.52734
2015-04-02,30166.23047
2015-04-03,30593.48438
2015-04-06,32345.38281
2015-04-07,32516.26367
2015-04-08,34225.36719
2015-04-09,34353.55078
2015-04-10,34396.34766
2015-04-13,36575.49219
2015-04-14,35635.40625
2015-04-15,35934.57031
2015-04-16,35122.66406
2015-04-17,35079.96875
2015-04-20,37045.44141
2015-04-21,36148.14844
2015-04-22,36105.45313
2015-04-23,37430
2015-04-24,35977.26563
2015-04-27,36404.51563
2015-04-28,35464.52344
2015-04-29,35806.38281
2015-04-30,36105.45313
2015-05-04,35550.01172
2015-05-06,35806.38281
2015-05-07,35293.64063
2015-05-08,35336.33594
2015-05-11,36874.5625
2015-05-12,37344.60547
2015-05-13,37002.74609
2015-05-14,36789.07813
2015-05-15,36746.37891
2015-05-18,35507.21875
2015-05-19,37600.97656
2015-05-20,37558.18359
2015-05-21,38199.11328
2015-05-22,39096.40625
2015-05-26,38498.27344
2015-05-27,37686.37109
2015-05-28,36960.05078
2015-05-29,36917.25781
2015-06-01,37600.97656
2015-06-02,36361.82031
2015-06-03,35934.57031
2015-06-04,35891.77734
2015-06-05,35421.82422
2015-06-08,35037.27344
2015-06-09,35806.38281
2015-06-10,35336.33594
2015-06-11,36233.63672
2015-06-12,36190.94141
2015-06-15,36276.33203
2015-06-16,36019.96484
2015-06-17,36062.75391
2015-06-18,38156.41797
2015-06-19,39352.77734
2015-06-22,39438.26953
2015-06-23,39865.52344
2015-06-24,41061.88672
2015-06-25,41061.88672
2015-06-26,40634.62891
2015-06-29,39480.96484
2015-06-30,40335.5625
2015-07-01,42984.66406
2015-07-02,43582.89063
2015-07-03,42130.15625
2015-07-06,41617.41797
2015-07-07,43155.64453
2015-07-08,41275.55859
2015-07-09,40250.07422
2015-07-10,41959.18359
2015-07-13,42728.29297
2015-07-14,44181.12109
2015-07-15,44608.375
2015-07-16,43753.77734
2015-07-17,43412.00781
2015-07-20,42130.15625
2015-07-21,41959.18359
2015-07-22,42172.85156
2015-07-23,41361.04688
2015-07-24,41061.88672
2015-07-27,39993.70703
2015-07-28,37814.55469
2015-07-29,38797.34375
2015-07-30,38498.27344
2015-07-31,40591.93359
2015-08-03,39993.70703
2015-08-04,39395.57422
2015-08-05,39694.63672
2015-08-06,39908.21875
2015-08-07,37430
2015-08-10,36319.12891
2015-08-11,35977.26563
2015-08-12,34524.53125
2015-08-13,36319.12891
2015-08-14,36319.12891
2015-08-17,37387.30469
2015-08-18,36062.75391
2015-08-19,36874.5625
2015-08-20,37088.23828
2015-08-21,35550.01172
2015-08-24,35079.96875
2015-08-25,34652.71484
2015-08-26,36276.33203
2015-08-27,35891.77734
2015-08-28,37558.18359
2015-08-31,36019.96484
2015-09-01,35208.15234
2015-09-02,34524.53125
2015-09-03,34652.71484
2015-09-04,33755.42188
2015-09-07,33456.26172
2015-09-08,31832.64063
2015-09-09,33798.11719
2015-09-10,34567.22656
2015-09-11,34481.74219
2015-09-14,34780.90234
2015-09-15,35464.52344
2015-09-16,36874.5625
2015-09-17,36361.82031
2015-09-18,35720.89844
2015-09-21,34652.71484
2015-09-22,35891.77734
2015-09-23,34439.04297
2015-09-24,34396.34766
2015-09-25,34182.67188
2015-09-30,33199.88672
2015-10-01,34738.11328
2015-10-02,33328.07031
2015-10-05,33712.625
2015-10-06,34182.67188
2015-10-07,33798.11719
2015-10-08,35122.66406
2015-10-12,35250.84766
2015-10-13,34609.92578
2015-10-14,33456.26172
2015-10-15,34139.97656
2015-10-16,33755.42188
2015-10-19,33157.19141
2015-10-20,32858.125
2015-10-21,32644.44727
2015-10-22,31618.96875
2015-10-23,32302.5918
2015-10-26,31789.85156
2015-10-27,32601.75195
2015-10-28,32900.82422
2015-10-29,31618.96875
2015-10-30,32089.00977
2015-11-02,31063.52734
2015-11-03,32131.70508
2015-11-04,32430.77539
2015-11-05,32388.08008
2015-11-06,31918.03125
2015-11-09,30935.3457
2015-11-10,29610.70117
2015-11-11,29909.86328
2015-11-12,29995.25391
2015-11-13,29952.55859
2015-11-16,28841.58789
2015-11-17,29482.51367
2015-11-18,29653.49023
2015-11-19,30166.23047
2015-11-20,30721.66992
2015-11-23,31148.92383
2015-11-24,31148.92383
2015-11-25,32131.70508
2015-11-26,32345.38281
2015-11-27,32046.21484
2015-11-30,31106.22656
2015-12-01,32986.3125
2015-12-02,33071.70313
2015-12-03,33114.49219
2015-12-04,32046.21484
2015-12-07,32943.51563
2015-12-08,32217.19531
2015-12-09,31918.03125
2015-12-10,30764.36719
2015-12-11,30764.36719
2015-12-14,30978.04102
2015-12-15,30337.11523
2015-12-16,32558.95898
2015-12-17,34353.55078
2015-12-18,33883.60547
2015-12-21,34823.60156
2015-12-22,34823.60156
2015-12-23,35336.33594
2015-12-24,34353.55078
2015-12-28,34609.92578
2015-12-29,35267.56641
2015-12-30,34141.05078
2016-01-04,34054.36719
2016-01-05,33794.40625
2016-01-06,33751.11719
2016-01-07,32667.98828
2016-01-08,32581.30273
2016-01-11,31064.85156
2016-01-12,31324.81055
2016-01-13,32624.60156
2016-01-14,31194.83203
2016-01-15,29461.81055
2016-01-18,29288.53906
2016-01-19,28162.02344
2016-01-20,26948.91992
2016-01-21,27598.8125
2016-01-22,28725.23242
2016-01-25,29288.53906
2016-01-26,28855.21289
2016-01-27,29418.51758
2016-01-28,31021.55859
2016-01-29,31584.76758
2016-02-01,31541.47461
2016-02-02,31758.13867
2016-02-03,30804.89648
2016-02-04,31281.51758
2016-02-05,31541.47461
2016-02-11,30068.41406
2016-02-12,30241.68555
2016-02-15,31281.51758
2016-02-16,30978.26563
2016-02-17,31671.45508
2016-02-18,32061.39063
2016-02-19,30934.875
2016-02-22,31541.47461
2016-02-23,31064.85156
2016-02-24,31541.47461
2016-02-25,29981.72852
2016-02-26,29461.81055
2016-02-29,29375.12695
2016-03-02,30588.32813
2016-03-03,31194.83203
2016-03-04,30631.62305
2016-03-07,31498.17969
2016-03-08,31194.83203
2016-03-09,30891.58203
2016-03-10,32104.68359
2016-03-11,32148.07617
2016-03-14,32148.07617
2016-03-15,33101.21875
2016-03-16,32061.39063
2016-03-17,32711.28711
2016-03-18,32711.28711
2016-03-21,32061.39063
2016-03-22,31584.76758
2016-03-23,31194.83203
2016-03-24,31368.20117
2016-03-25,31324.81055
2016-03-28,30631.62305
2016-03-29,31281.51758
2016-03-30,31454.79102
2016-03-31,30761.59961
2016-04-01,30371.66602
2016-04-04,30631.62305
2016-04-05,29721.76953
2016-04-06,29418.51758
2016-04-07,29678.47656
2016-04-08,29938.43359
2016-04-11,29808.45508
2016-04-12,30414.95898
2016-04-14,32321.34766
2016-04-15,32104.68359
2016-04-18,32104.68359
2016-04-19,33751.11719
2016-04-20,33404.47266
2016-04-21,35180.87891
2016-04-22,34834.23828
2016-04-25,34834.23828
2016-04-26,33837.79688
2016-04-27,33664.42969
2016-04-28,33317.88281
2016-04-29,32754.57813
2016-05-02,33231.19922
2016-05-03,33274.49609
2016-05-04,32278.05273
2016-05-09,31628.16016
2016-05-10,33144.51172
2016-05-11,33967.77734
2016-05-12,33794.40625
2016-05-13,33837.79688
2016-05-16,34227.73828
2016-05-17,34444.30078
2016-05-18,34487.69531
2016-05-19,33274.49609
2016-05-20,32927.94922
2016-05-23,33404.47266
2016-05-24,32754.57813
2016-05-25,33664.42969
2016-05-26,33621.13672
2016-05-27,33404.47266
2016-05-30,32711.28711
2016-05-31,33361.17969
2016-06-01,33447.86719
2016-06-02,33014.53516
2016-06-03,32971.24219
2016-06-07,33924.38672
2016-06-08,34790.94922
2016-06-09,34530.98828
2016-06-10,34444.30078
2016-06-13,33231.19922
2016-06-14,32971.24219
2016-06-15,31758.13867
2016-06-16,31411.49609
2016-06-17,31411.49609
2016-06-20,32018.09375
2016-06-21,32191.36914
2016-06-22,32191.36914
2016-06-23,31541.47461
2016-06-24,30241.68555
2016-06-27,30328.37305
2016-06-28,30284.97852
2016-06-29,30501.64258
2016-06-30,30674.91602
2016-07-01,30198.39063
2016-07-04,30111.70703
2016-07-05,30588.32813
2016-07-06,30068.41406
2016-07-07,30458.34961
2016-07-08,30328.37305
2016-07-11,31281.51758
2016-07-12,30978.26563
2016-07-13,31021.55859
2016-07-14,32148.07617
2016-07-15,31541.47461
2016-07-18,31888.11523
2016-07-19,32018.09375
2016-07-20,31671.45508
2016-07-21,31714.74805
2016-07-22,30978.26563
2016-07-25,31411.49609
2016-07-26,31194.83203
2016-07-27,31281.51758
2016-07-28,31368.20117
2016-07-29,30848.28711
2016-08-01,30588.32813
2016-08-02,30068.41406
2016-08-03,29678.47656
2016-08-04,29808.45508
2016-08-05,30674.91602
2016-08-08,30155.00195
2016-08-09,30241.68555
2016-08-10,34334.95313
2016-08-11,34722.375
2016-08-12,34867.65625
2016-08-16,34964.50781
2016-08-17,35303.5
2016-08-18,35400.35547
2016-08-19,36029.91016
2016-08-22,35642.49219
2016-08-23,35594.0625
2016-08-24,35351.92969
2016-08-25,35158.21875
2016-08-26,35690.91797
2016-08-29,35933.05469
2016-08-30,36175.19141
2016-08-31,35497.21094
2016-09-01,35400.35547
2016-09-02,35642.49219
2016-09-05,36078.33594
2016-09-06,35497.21094
2016-09-07,35206.64844
2016-09-08,36029.91016
2016-09-09,35255.07031
2016-09-12,34819.22656
2016-09-13,34819.22656
2016-09-19,34189.67188
2016-09-20,34770.79688
2016-09-21,34577.09375
2016-09-22,34238.10156
2016-09-23,34431.80859
2016-09-26,34722.375
2016-09-27,34480.23438
2016-09-28,33802.25391
2016-09-29,33899.10938
2016-09-30,33947.53516
2016-10-04,34577.09375
2016-10-05,34528.66406
2016-10-06,34916.08594
2016-10-07,34577.09375
2016-10-10,34625.51563
2016-10-11,35255.07031
2016-10-12,35545.63672
2016-10-13,34770.79688
2016-10-14,35497.21094
2016-10-17,35787.77344
2016-10-18,35836.19922
2016-10-19,37628.01172
2016-10-20,37482.73047
2016-10-21,38160.71094
2016-10-24,38257.56641
2016-10-25,37821.72266
2016-10-26,36804.74609
2016-10-27,37337.44922
2016-10-28,36272.04688
2016-10-31,36175.19141
2016-11-01,34528.66406
2016-11-02,33560.11719
2016-11-03,34141.24609
2016-11-04,33608.54297
2016-11-07,34044.39063
2016-11-08,34141.24609
2016-11-09,32882.13672
2016-11-10,33753.82813
2016-11-11,34286.52734
2016-11-14,35303.5
2016-11-15,35255.07031
2016-11-16,35642.49219
2016-11-17,36223.62109
2016-11-18,34770.79688
2016-11-21,34480.23438
2016-11-22,34625.51563
2016-11-23,35012.9375
2016-11-24,34480.23438
2016-11-25,33995.96484
2016-11-28,33995.96484
2016-11-29,34238.10156
2016-11-30,34189.67188
2016-12-01,34044.39063
2016-12-02,34141.24609
2016-12-05,33947.53516
2016-12-06,34431.80859
2016-12-07,34286.52734
2016-12-08,35109.78906
2016-12-09,34286.52734
2016-12-12,34819.22656
2016-12-13,35497.21094
2016-12-14,35158.21875
2016-12-15,35448.78125
2016-12-16,34916.08594
2016-12-19,34286.52734
2016-12-20,34238.10156
2016-12-21,34431.80859
2016-12-22,34189.67188
2016-12-23,33995.96484
2016-12-26,34238.10156
2016-12-27,34044.39063
2016-12-28,34537.07422
2016-12-29,34537.07422
2017-01-02,34931.21875
2017-01-03,36064.39063
2017-01-04,36606.34375
2017-01-05,36212.19531
2017-01-06,36162.92578
2017-01-09,36162.92578
2017-01-10,37049.75781
2017-01-11,36852.68359
2017-01-12,37394.63281
2017-01-13,36704.87891
2017-01-16,36261.46484
2017-01-17,36655.60938
2017-01-18,36360
2017-01-19,36113.66016
2017-01-20,36212.19531
2017-01-23,36162.92578
2017-01-24,35029.75781
2017-01-25,34684.87891
2017-01-26,34980.48828
2017-01-31,34684.87891
2017-02-01,35226.82813
2017-02-02,34586.34375
2017-02-03,34783.41406
2017-02-06,34537.07422
2017-02-07,35079.02344
2017-02-08,34734.14844
2017-02-09,34734.14844
2017-02-10,35374.63281
2017-02-13,35571.70703
2017-02-14,35423.90234
2017-02-15,35818.05078
2017-02-16,35128.29297
2017-02-17,34980.48828
2017-02-20,34980.48828
2017-02-21,35276.09766
2017-02-22,35374.63281
2017-02-23,34931.21875
2017-02-24,36360
2017-02-27,35965.85547
2017-02-28,35867.31641
2017-03-02,35276.09766
2017-03-03,35423.90234
2017-03-06,35029.75781
2017-03-07,35522.44141
2017-03-08,35177.5625
2017-03-09,34684.87891
2017-03-10,34684.87891
2017-03-13,34832.68359
2017-03-14,34537.07422
2017-03-15,34142.92578
2017-03-16,34093.66016
2017-03-17,34881.95313
2017-03-20,34635.60938
2017-03-21,34586.34375
2017-03-22,34586.34375
2017-03-23,35029.75781
2017-03-24,35128.29297
2017-03-27,35079.02344
2017-03-28,35473.17188
2017-03-29,35620.97656
2017-03-30,35226.82813
2017-03-31,35374.63281
2017-04-03,35226.82813
2017-04-04,35177.5625
2017-04-05,35374.63281
2017-04-06,35374.63281
2017-04-07,35276.09766
2017-04-10,34635.60938
2017-04-11,34684.87891
2017-04-12,34537.07422
2017-04-13,34586.34375
2017-04-14,34832.68359
2017-04-17,34931.21875
2017-04-18,35965.85547
2017-04-19,35916.58594
2017-04-20,36803.41406
2017-04-21,37493.17188
2017-04-24,38626.34375
2017-04-25,38675.60938
2017-04-26,39119.02344
2017-04-27,39562.44141
2017-04-28,39365.36719
2017-05-02,39463.90234
2017-05-04,39463.90234
2017-05-08,40449.26953
2017-05-10,40547.80469
2017-05-11,41730.24609
2017-05-12,41927.31641
2017-05-15,42025.85547
2017-05-16,43306.82813
2017-05-17,43700.97656
2017-05-18,43503.90234
2017-05-19,44784.87891
2017-05-22,45129.75781
2017-05-23,45720.97656
2017-05-24,45720.97656
2017-05-25,46755.60938
2017-05-26,45523.90234
2017-05-29,47297.5625
2017-05-30,47149.75781
2017-05-31,47149.75781
2017-06-01,48036.58594
2017-06-02,48282.92578
2017-06-05,46804.87891
2017-06-07,47396.09766
2017-06-08,47149.75781
2017-06-09,47593.17188
2017-06-12,46460
2017-06-13,47297.5625
2017-06-14,46903.41406
2017-06-15,45671.70703
2017-06-16,45868.78125
2017-06-19,44489.26953
2017-06-20,45080.48828
2017-06-21,45031.21875
2017-06-22,45573.17188
2017-06-23,45720.97656
2017-06-26,44637.07422
2017-06-27,46312.19531
2017-06-28,46607.80469
2017-06-29,46361.46484
2017-06-30,46706.34375
2017-07-03,46952.68359
2017-07-04,45376.09766
2017-07-05,45425.36719
2017-07-06,45770.24609
2017-07-07,45868.78125
2017-07-10,47790.24609
2017-07-11,47593.17188
2017-07-12,46016.58594
2017-07-13,46312.19531
2017-07-14,48085.85547
2017-07-17,47938.05078
2017-07-18,46952.68359
2017-07-19,47396.09766
2017-07-20,47888.78125
2017-07-21,48085.85547
2017-07-24,47691.70703
2017-07-25,48036.58594
2017-07-26,47149.75781
2017-07-27,48036.58594
2017-07-28,47149.75781
2017-07-31,48233.66016
2017-08-01,48874.14844
2017-08-02,48874.14844
2017-08-03,48085.85547
2017-08-04,48135.12109
2017-08-07,49268.29297
2017-08-08,49859.51172
2017-08-09,49958.05078
2017-08-10,50056.58594
2017-08-11,50450.73438
2017-08-14,49958.05078
2017-08-16,50844.87891
2017-08-17,50647.80469
2017-08-18,50943.41406
2017-08-21,49859.51172
2017-08-22,51041.95313
2017-08-23,51239.02344
2017-08-24,50647.80469
2017-08-25,48480
2017-08-28,48578.53906
2017-08-29,48627.80469
2017-08-30,48480
2017-08-31,48430.73047
2017-09-01,47938.05078
2017-09-04,46804.87891
2017-09-05,45770.24609
2017-09-06,46558.53906
2017-09-07,46607.80469
2017-09-08,46607.80469
2017-09-11,46657.07422
2017-09-12,47494.63672
2017-09-13,47346.82813
2017-09-14,46361.46484
2017-09-15,46361.46484
2017-09-18,46262.92578
2017-09-19,45622.44141
2017-09-20,46213.66016
2017-09-21,46016.58594
2017-09-25,42961.95313
2017-09-26,42961.95313
2017-09-27,43011.21875
2017-09-28,43454.63281
2017-09-29,43356.09766
2017-10-10,45425.36719
2017-10-11,45376.09766
2017-10-12,45326.82813
2017-10-13,45129.75781
2017-10-16,46164.39063
2017-10-17,45573.17188
2017-10-18,44440
2017-10-19,44341.46484
2017-10-20,44834.14844
2017-10-23,45918.05078
2017-10-24,46312.19531
2017-10-25,45720.97656
2017-10-26,44637.07422
2017-10-27,44735.60938
2017-10-30,43750.24609
2017-10-31,43996.58594
2017-11-01,44095.12109
2017-11-02,45376.09766
2017-11-03,45228.29297
2017-11-06,44095.12109
2017-11-07,44784.87891
2017-11-08,43602.44141
2017-11-09,43454.63281
2017-11-10,43356.09766
2017-11-13,40794.14844
2017-11-14,40547.80469
2017-11-15,40449.26953
2017-11-16,40843.41406
2017-11-17,41188.29297
2017-11-20,40695.60938
2017-11-21,40202.92578
2017-11-22,40547.80469
2017-11-23,40153.66016
2017-11-24,39907.31641
2017-11-27,39710.24609
2017-11-28,39710.24609
2017-11-29,40794.14844
2017-11-30,40892.68359
2017-12-01,40153.66016
2017-12-04,40744.87891
2017-12-05,41434.63281
2017-12-06,40941.95313
2017-12-07,40153.66016
2017-12-08,39168.29297
2017-12-11,39414.63281
2017-12-12,38921.95313
2017-12-13,40892.68359
2017-12-14,40104.39063
2017-12-15,40941.95313
2017-12-18,41385.36719
2017-12-19,41286.82813
2017-12-21,39907.31641
2017-12-22,40104.39063
2017-12-26,40400
2017-12-27,41050
2017-12-28,41500
2018-01-02,43250
2018-01-03,43000
2018-01-04,43600
2018-01-05,46400
2018-01-08,45700
2018-01-09,45850
2018-01-10,46000
2018-01-11,44850
2018-01-12,44650
2018-01-15,45850
2018-01-16,45000
2018-01-17,45000
2018-01-18,45000
2018-01-19,46600
2018-01-22,47000
2018-01-23,48050
2018-01-24,46700
2018-01-25,46950
2018-01-26,46950
2018-01-29,48200
2018-01-30,47150
2018-01-31,47050
2018-02-01,47000
2018-02-02,46400
2018-02-05,45500
2018-02-06,44400
2018-02-07,43700
2018-02-08,43500
2018-02-09,43650
2018-02-12,42900
2018-02-13,41850
2018-02-14,41750
2018-02-19,42800
2018-02-20,42500
2018-02-21,42800
2018-02-22,42300
2018-02-23,43050
2018-02-26,43600
2018-02-27,44900
2018-02-28,44150
2018-03-02,42950
2018-03-05,42450
2018-03-06,42200
2018-03-07,41700
2018-03-08,41600
2018-03-09,42450
2018-03-12,42450
2018-03-13,41500
2018-03-14,41000
2018-03-15,41100
2018-03-16,41350
2018-03-19,41250
2018-03-20,40450
2018-03-21,39300
2018-03-22,39700
2018-03-23,38500
2018-03-26,38500
2018-03-27,39850
2018-03-28,39600
2018-03-29,39350
2018-03-30,39150
2018-04-02,38750
2018-04-03,39400
2018-04-04,38200
2018-04-05,38650
2018-04-06,38650
2018-04-09,38900
2018-04-10,39100
2018-04-11,39850
2018-04-12,38950
2018-04-13,39650
2018-04-16,38850
2018-04-17,38650
2018-04-18,40100
2018-04-19,40100
2018-04-20,41250
2018-04-23,41050
2018-04-24,41100
2018-04-25,40300
2018-04-26,40450
2018-04-27,40050
2018-04-30,39950
2018-05-02,39400
2018-05-03,39200
2018-05-04,38500
2018-05-08,39200
2018-05-09,39350
2018-05-10,39400
2018-05-11,41050
2018-05-14,41950
2018-05-15,41300
2018-05-16,39700
2018-05-17,38750
2018-05-18,39000
2018-05-21,38300
2018-05-23,37100
2018-05-24,36550
2018-05-25,36400
2018-05-28,36750
2018-05-29,36850
2018-05-30,35800
2018-05-31,36000
2018-06-01,35950
2018-06-04,35550
2018-06-05,35550
2018-06-07,36650
2018-06-08,36350
2018-06-11,36650
2018-06-12,36100
2018-06-14,35250
2018-06-15,35350
2018-06-18,34300
2018-06-19,33650
2018-06-20,33250
2018-06-21,31850
2018-06-22,32100
2018-06-25,32800
2018-06-26,32900
2018-06-27,31550
2018-06-28,31500
2018-06-29,31550
2018-07-02,30700
2018-07-03,30800
2018-07-04,30600
2018-07-05,30350
2018-07-06,31350
2018-07-09,31350
2018-07-10,31600
2018-07-11,31300
2018-07-12,30900
2018-07-13,31050
2018-07-16,30600
2018-07-17,30550
2018-07-18,30350
2018-07-19,30050
2018-07-20,31600
2018-07-23,31800
2018-07-24,31550
2018-07-25,31800
2018-07-26,31950
2018-07-27,32200
2018-07-30,32150
2018-07-31,32150
2018-08-01,32250
2018-08-02,31900
2018-08-03,34000
2018-08-06,33400
2018-08-07,32900
2018-08-08,32950
2018-08-09,32800
2018-08-10,33450
2018-08-13,32300
2018-08-14,32800
2018-08-16,31450
2018-08-17,31400
2018-08-20,32200
2018-08-21,32000
2018-08-22,31450
2018-08-23,30500
2018-08-24,30750
2018-08-27,31200
2018-08-28,31350
2018-08-29,32100
2018-08-30,31750
2018-08-31,31850
2018-09-03,31600
2018-09-04,31600
2018-09-05,31500
2018-09-06,31400
2018-09-07,31350
2018-09-10,31700
2018-09-11,31200
2018-09-12,31400
2018-09-13,30950
2018-09-14,32200
2018-09-17,31950
2018-09-18,31950
2018-09-19,31850
2018-09-20,31350
2018-09-21,31650
2018-09-27,33250
2018-09-28,32800
2018-10-01,33000
2018-10-02,33450
2018-10-04,33400
2018-10-05,33200
2018-10-08,32400
2018-10-10,31350
2018-10-11,28900
2018-10-12,29100
2018-10-15,29150
2018-10-16,29200
2018-10-17,30100
2018-10-18,29450
2018-10-19,29250
2018-10-22,29800
2018-10-23,29000
2018-10-24,29500
2018-10-25,28950
2018-10-26,27450
2018-10-29,26550
2018-10-30,27350
2018-10-31,28100
2018-11-01,27750
2018-11-02,28450
2018-11-05,28350
2018-11-06,28550
2018-11-07,28950
2018-11-08,29500
2018-11-09,29300
2018-11-12,29400
2018-11-13,29750
2018-11-14,30500
2018-11-15,29650
2018-11-16,30100
2018-11-19,30200
2018-11-20,30200
2018-11-21,30450
2018-11-22,29750
2018-11-23,29500
2018-11-26,29950
2018-11-27,30150
2018-11-28,30000
2018-11-29,30300
2018-11-30,30000
2018-12-03,30850
2018-12-04,30250
2018-12-05,30400
2018-12-06,30350
2018-12-07,30300
2018-12-10,30100
2018-12-11,30150
2018-12-12,30550
2018-12-13,31150
2018-12-14,31350
2018-12-17,30850
2018-12-18,31600
2018-12-19,32350
2018-12-20,32850
2018-12-21,32400
2018-12-24,31950
2018-12-26,31200
2018-12-27,31850
2018-12-28,31350
